num pol;age;Sexe;Type vehicule;Date sous;anc permis;Zone geo;valeur
1;44;F;5;01/01/2019;26;D;10790
2;36;F;3;01/01/2019;17;C;28585
3;24;H;4;01/01/2019;6;C;18173
4;49;F;5;01/01/2019;31;A;14535
5;36;F;6;02/03/2019;18;A;24265
6;45;H;5;01/01/2019;27;D;7410
7;29;F;5;01/01/2019;11;C;25291
8;46;H;3;01/01/2019;28;A;23437
9;34;H;3;04/02/2019;14;C;24918
10;33;H;3;12/02/2019;15;B;24400
11;46;F;5;31/01/2019;28;D;22600
12;39;F;2;01/01/2019;21;B;3398
13;36;H;4;26/05/2019;15;B;7341
14;46;H;2;01/02/2019;27;B;25051
15;32;H;2;01/01/2019;14;C;26738
16;36;H;4;01/01/2019;18;A;21162
17;44;F;4;22/06/2019;23;B;18441
18;41;H;1;01/01/2019;22;C;18886
19;37;H;4;01/01/2019;19;D;10734
20;34;F;3;01/01/2019;15;C;18100
21;47;F;5;01/01/2019;28;A;16109
22;35;H;5;01/01/2019;17;A;18990
23;42;F;4;11/01/2019;22;B;4702
24;50;H;2;01/01/2019;32;B;22733
25;50;H;1;17/02/2019;25;D;30017
26;40;H;3;01/01/2019;22;D;27790
27;42;H;4;01/01/2019;24;D;2838
28;34;H;2;01/01/2019;16;D;15274
29;35;H;2;01/01/2019;17;B;21255
30;33;H;3;01/01/2019;15;B;1906
31;34;H;4;01/01/2019;16;C;10161
32;18;F;6;30/04/2019;-2;D;2421
33;40;F;3;21/04/2019;22;B;30935
34;32;F;2;01/01/2019;14;B;1580
35;44;H;4;29/03/2019;24;D;11906
36;43;F;2;01/01/2019;25;D;28667
37;44;H;4;01/01/2019;23;B;21621
38;39;F;1;22/01/2019;21;D;15176
39;40;H;3;24/01/2019;22;C;10322
40;41;F;5;01/01/2019;22;B;2242
41;49;H;5;01/01/2019;29;D;2778
42;30;H;3;01/01/2019;10;A;9619
43;53;H;3;28/04/2019;35;A;11828
44;34;F;6;16/01/2019;16;B;8183
45;48;H;6;01/01/2019;28;A;24901
46;47;H;4;01/01/2019;29;B;22723
47;37;F;3;02/02/2019;19;C;29535
48;38;H;3;27/01/2019;19;D;18366
49;45;F;5;01/01/2019;22;C;12497
50;42;F;3;01/01/2019;24;C;29455
51;48;F;1;01/01/2019;30;C;2418
52;39;H;4;01/01/2019;21;C;26262
53;39;H;4;01/01/2019;18;D;23460
54;34;F;4;01/01/2019;16;D;17264
55;46;F;4;01/03/2019;27;B;1205
56;37;H;2;01/01/2019;16;C;12077
57;46;F;5;01/01/2019;28;B;19162
58;47;F;3;11/06/2019;29;D;3321
59;39;F;3;04/04/2019;21;B;27687
60;45;F;3;27/05/2019;24;D;13636
61;37;H;4;01/01/2019;13;D;1542
62;31;H;5;23/04/2019;11;A;8738
63;38;F;5;01/01/2019;15;C;30789
64;43;F;5;03/07/2019;25;C;30211
65;35;H;2;16/06/2019;17;C;9564
66;52;H;5;01/01/2019;32;D;13864
67;37;F;1;01/01/2019;19;B;8952
68;46;H;4;26/01/2019;25;D;10593
69;33;H;4;28/03/2019;12;D;24528
70;38;F;2;27/06/2019;20;C;26755
71;49;H;5;01/01/2019;31;C;30076
72;31;F;2;29/05/2019;11;C;29468
73;31;F;2;23/02/2019;13;B;15570
74;36;F;1;01/01/2019;18;D;20688
75;46;F;3;01/01/2019;26;B;11193
76;34;H;4;01/01/2019;16;B;18752
77;31;F;2;01/01/2019;12;A;9781
78;41;F;4;01/01/2019;23;C;19352
79;47;H;3;01/01/2019;28;B;9137
80;31;H;3;01/01/2019;9;C;27626
81;46;F;2;01/01/2019;26;A;11051
82;41;H;5;29/04/2019;19;C;13676
83;46;F;3;24/01/2019;28;D;26485
84;37;F;6;15/01/2019;18;B;15665
85;44;F;3;05/04/2019;25;C;23164
86;39;F;4;01/01/2019;18;C;13945
87;36;H;3;01/01/2019;15;C;17520
88;38;F;1;01/01/2019;20;C;25127
89;27;F;2;09/02/2019;8;D;28362
90;40;F;6;01/01/2019;22;A;12712
91;35;H;3;01/01/2019;17;A;18750
92;38;F;4;01/01/2019;14;C;8006
93;56;H;5;12/07/2019;38;B;25164
94;47;F;4;15/06/2019;29;D;16592
95;42;F;6;01/01/2019;24;C;8234
96;48;H;2;09/03/2019;30;A;4046
97;46;F;3;01/01/2019;28;C;20927
98;35;F;2;01/01/2019;17;C;17089
99;40;F;3;01/01/2019;22;C;14096
100;27;H;2;14/03/2019;9;B;15174
101;47;H;6;01/01/2019;27;B;9037
102;24;H;5;01/01/2019;5;D;5957
103;47;H;5;01/01/2019;27;A;17278
104;31;F;3;01/01/2019;11;B;2498
105;36;F;4;01/01/2019;18;C;24922
106;49;F;2;01/01/2019;29;A;12516
107;41;H;5;01/01/2019;21;C;6982
108;33;F;2;01/01/2019;15;A;21387
109;35;H;1;01/01/2019;17;B;8299
110;41;F;5;01/01/2019;23;D;24721
111;35;F;1;01/01/2019;17;C;4836
112;38;F;5;13/04/2019;19;A;1373
113;49;H;2;01/01/2019;31;C;3453
114;45;H;5;13/06/2019;24;C;2190
115;43;F;4;01/01/2019;25;D;24523
116;42;H;2;01/01/2019;17;D;21004
117;33;F;6;01/01/2019;15;D;13687
118;40;H;4;01/01/2019;19;D;20458
119;32;H;3;11/02/2019;14;C;22282
120;34;H;6;08/06/2019;16;A;23897
121;49;H;5;04/02/2019;31;B;29637
122;44;F;4;30/04/2019;24;B;2327
123;38;H;4;28/06/2019;15;C;2931
124;39;F;3;01/01/2019;21;C;28147
125;28;F;2;01/01/2019;10;C;3232
126;26;H;3;01/01/2019;5;A;6547
127;40;F;2;01/01/2019;21;C;12365
128;38;F;1;01/01/2019;20;B;14028
129;38;H;4;22/02/2019;18;A;14933
130;37;H;3;10/05/2019;18;B;19735
131;36;F;3;01/01/2019;16;A;4170
132;49;F;2;01/01/2019;29;A;27400
133;28;H;3;01/01/2019;10;A;22754
134;36;F;1;29/04/2019;17;B;4315
135;36;H;4;01/01/2019;18;B;30756
136;50;H;3;09/05/2019;32;D;19050
137;43;H;1;01/01/2019;25;C;29650
138;38;H;2;01/01/2019;20;B;19565
139;39;F;6;06/01/2019;17;C;5927
140;29;F;3;01/01/2019;11;C;23754
141;42;H;4;01/01/2019;24;C;4554
142;33;F;2;22/04/2019;15;A;1160
143;36;H;5;01/01/2019;18;B;9730
144;43;H;3;01/01/2019;23;B;4157
145;33;H;3;15/04/2019;14;A;17530
146;31;F;4;01/01/2019;12;B;14512
147;44;F;1;01/01/2019;26;B;19288
148;37;F;6;01/01/2019;19;A;9597
149;32;F;3;14/02/2019;14;C;5179
150;33;F;2;01/01/2019;15;C;30621
151;39;H;3;01/01/2019;20;B;3315
152;46;H;3;01/01/2019;28;D;19691
153;41;F;4;02/05/2019;23;C;8463
154;29;H;3;10/01/2019;10;B;14632
155;45;F;2;01/01/2019;27;B;25026
156;42;H;6;01/01/2019;22;B;6127
157;42;H;6;01/01/2019;22;D;4616
158;46;F;5;01/01/2019;28;A;12346
159;47;H;5;09/06/2019;29;C;16249
160;27;F;2;30/01/2019;9;A;19710
161;36;F;5;14/04/2019;18;B;1822
162;35;H;5;01/01/2019;16;A;3966
163;41;F;2;04/01/2019;23;A;12524
164;43;F;4;15/03/2019;24;A;28026
165;29;F;5;19/05/2019;8;D;5550
166;38;F;3;01/01/2019;17;D;27393
167;34;F;2;01/01/2019;16;C;11564
168;40;H;4;10/07/2019;21;D;26101
169;33;H;5;21/04/2019;15;C;8521
170;39;F;3;01/01/2019;21;D;3429
171;58;F;4;14/03/2019;33;B;27372
172;40;H;5;01/01/2019;22;B;6298
173;41;F;6;01/01/2019;23;D;27196
174;44;F;3;01/01/2019;25;C;21435
175;42;H;1;01/01/2019;24;B;19316
176;32;F;1;01/01/2019;9;D;2575
177;33;F;4;28/01/2019;15;D;9337
178;39;F;2;25/06/2019;21;A;19481
179;26;H;2;28/04/2019;5;C;28453
180;43;F;4;01/01/2019;20;B;26120
181;42;H;4;01/01/2019;24;A;15878
182;41;F;1;01/01/2019;21;C;29215
183;41;F;4;01/01/2019;22;C;8495
184;40;H;6;23/04/2019;22;B;9500
185;43;F;1;01/01/2019;25;D;24110
186;39;H;1;10/02/2019;19;C;20401
187;42;H;3;01/01/2019;21;A;19394
188;52;H;4;01/01/2019;28;D;11868
189;38;H;4;01/01/2019;20;A;26182
190;25;F;4;01/01/2019;7;A;5414
191;45;F;1;26/04/2019;27;D;1428
192;27;F;3;01/01/2019;7;A;26637
193;37;F;3;01/01/2019;19;D;27796
194;19;H;4;01/01/2019;0;C;27952
195;46;F;2;01/01/2019;28;C;10183
196;43;F;4;01/01/2019;25;C;27789
197;36;H;4;01/01/2019;18;B;26569
198;46;F;5;01/01/2019;26;C;25237
199;33;H;6;14/02/2019;15;C;6372
200;36;F;2;01/01/2019;18;A;22334
201;35;H;5;01/01/2019;13;A;23187
202;31;H;2;07/05/2019;13;C;22409
203;47;H;1;01/01/2019;27;A;5339
204;28;F;4;01/01/2019;10;D;15454
205;49;H;3;13/02/2019;31;B;1231
206;44;H;2;01/01/2019;23;B;28672
207;41;F;1;01/01/2019;22;D;4220
208;33;H;4;12/03/2019;15;D;17895
209;32;H;5;01/01/2019;14;C;28697
210;48;H;3;01/01/2019;30;B;23504
211;42;H;4;01/01/2019;19;B;7446
212;43;H;1;01/01/2019;25;B;2386
213;30;H;4;01/01/2019;12;C;25420
214;44;F;6;01/01/2019;26;C;16418
215;33;F;2;25/04/2019;15;D;8309
216;40;F;2;01/01/2019;22;A;29927
217;46;F;2;01/01/2019;28;C;13388
218;41;F;3;01/01/2019;21;C;9005
219;46;H;6;21/06/2019;26;C;7271
220;39;F;4;01/01/2019;21;A;8013
221;58;F;2;01/01/2019;40;A;9332
222;29;H;5;05/05/2019;11;D;16126
223;45;H;5;01/01/2019;18;D;30992
224;49;F;1;01/01/2019;31;A;14519
225;46;F;2;01/02/2019;28;C;6312
226;38;F;4;01/01/2019;20;B;25852
227;36;F;1;01/01/2019;18;C;8699
228;37;F;6;01/01/2019;18;A;25280
229;31;H;4;01/01/2019;13;A;3631
230;52;F;6;01/01/2019;34;B;8662
231;53;F;1;01/01/2019;35;D;28442
232;31;H;3;01/01/2019;13;A;19973
233;43;F;3;01/01/2019;25;C;15438
234;34;H;2;07/03/2019;16;C;25694
235;41;F;5;01/01/2019;23;D;1711
236;38;H;2;01/01/2019;15;B;1280
237;39;H;2;01/01/2019;19;D;4982
238;31;H;5;01/01/2019;13;D;7193
239;45;F;4;01/01/2019;26;B;13410
240;37;H;4;26/01/2019;18;A;1404
241;41;F;4;01/01/2019;23;C;6744
242;22;F;2;01/01/2019;4;C;21978
243;30;F;4;01/01/2019;12;A;24601
244;35;H;3;01/01/2019;17;A;27105
245;31;F;4;01/01/2019;12;C;26261
246;41;F;4;01/01/2019;23;D;29204
247;31;F;5;28/02/2019;11;A;26706
248;31;H;4;01/01/2019;13;C;13053
249;43;F;1;20/03/2019;25;A;4174
250;50;H;4;01/01/2019;31;B;14059
251;34;H;1;01/01/2019;14;A;12392
252;40;F;5;17/05/2019;19;B;29880
253;39;H;1;01/01/2019;18;A;3351
254;54;H;4;18/03/2019;36;C;25087
255;39;F;3;11/03/2019;21;B;6182
256;33;F;5;01/01/2019;15;C;22309
257;47;H;4;14/04/2019;28;C;20639
258;53;H;3;08/06/2019;35;D;27246
259;42;F;2;01/01/2019;22;C;10859
260;41;H;5;01/01/2019;17;D;27924
261;39;H;4;01/05/2019;21;D;16661
262;46;F;6;01/01/2019;28;A;29213
263;39;F;1;27/02/2019;21;B;7273
264;42;F;6;22/04/2019;24;C;24537
265;45;F;6;01/01/2019;22;D;30529
266;46;H;3;29/06/2019;28;B;29803
267;44;F;3;01/01/2019;26;A;7323
268;39;H;5;27/05/2019;19;B;27401
269;40;F;5;01/01/2019;22;B;29747
270;39;F;4;28/06/2019;20;C;3580
271;41;F;5;01/01/2019;23;C;17012
272;54;F;4;15/02/2019;36;C;22468
273;42;F;5;01/01/2019;24;C;11713
274;51;F;5;01/01/2019;33;A;7127
275;48;F;2;03/07/2019;30;B;8786
276;40;H;4;01/01/2019;21;B;18826
277;48;H;4;01/01/2019;30;A;12516
278;38;H;1;01/01/2019;20;D;2535
279;40;H;2;01/01/2019;20;B;20298
280;44;F;3;09/06/2019;26;D;1765
281;30;F;2;01/01/2019;12;A;10897
282;47;F;2;12/02/2019;27;D;16107
283;36;F;2;01/01/2019;16;B;1678
284;50;F;3;12/04/2019;32;B;24263
285;39;F;5;01/01/2019;21;A;17599
286;34;H;3;01/01/2019;10;A;21986
287;39;H;4;01/01/2019;21;C;29688
288;43;H;4;01/01/2019;24;D;27048
289;23;H;2;01/01/2019;5;A;18866
290;33;H;4;01/01/2019;13;C;6036
291;44;F;5;01/01/2019;26;D;15095
292;38;F;1;01/01/2019;16;B;6901
293;47;F;5;02/04/2019;27;A;29944
294;44;F;6;01/01/2019;22;C;25926
295;51;H;4;01/01/2019;33;A;13889
296;35;F;5;01/01/2019;16;B;8122
297;36;F;4;01/01/2019;17;C;30066
298;37;F;2;01/01/2019;17;C;6986
299;44;F;5;01/01/2019;26;D;12189
300;46;H;3;14/02/2019;28;B;24252
301;33;F;4;01/01/2019;15;A;8165
302;51;H;2;17/07/2019;33;C;3973
303;37;F;4;01/01/2019;19;B;24861
304;35;H;2;08/07/2019;17;C;4181
305;38;H;6;01/01/2019;20;C;22259
306;50;F;5;01/01/2019;30;D;7062
307;54;F;6;01/01/2019;36;A;12330
308;39;H;4;01/01/2019;21;A;4718
309;56;H;2;01/01/2019;38;C;7528
310;42;F;3;01/01/2019;20;C;4348
311;41;H;6;01/01/2019;16;A;29595
312;42;F;6;01/01/2019;24;A;20863
313;45;F;1;19/03/2019;27;D;26550
314;39;H;4;22/06/2019;14;B;14950
315;43;F;3;01/01/2019;24;D;28128
316;45;H;4;01/01/2019;27;C;16465
317;40;H;2;01/01/2019;22;A;18543
318;36;H;4;01/01/2019;15;A;22642
319;35;H;3;16/03/2019;15;D;2259
320;37;F;3;24/02/2019;17;B;10562
321;49;F;6;01/01/2019;31;A;6584
322;46;H;3;27/02/2019;26;B;12639
323;50;F;3;20/06/2019;30;B;23393
324;35;H;4;01/01/2019;16;A;14639
325;51;F;5;01/01/2019;31;B;18904
326;40;H;1;01/01/2019;22;A;25987
327;39;F;5;30/01/2019;21;A;20110
328;40;H;6;01/01/2019;17;B;10428
329;35;H;2;01/01/2019;17;D;1710
330;29;F;5;14/04/2019;11;D;19293
331;35;H;4;01/01/2019;17;A;13714
332;38;F;4;01/01/2019;20;D;8759
333;40;F;4;01/01/2019;22;D;26552
334;32;F;5;01/01/2019;12;B;16263
335;30;F;2;01/01/2019;9;D;14938
336;35;H;4;01/01/2019;17;A;14395
337;31;F;3;01/01/2019;13;D;1366
338;33;H;3;01/01/2019;15;C;27603
339;36;H;5;13/07/2019;17;A;1918
340;45;F;4;04/01/2019;27;D;14548
341;39;H;2;01/01/2019;21;A;24988
342;35;F;5;17/06/2019;17;B;4980
343;39;H;5;01/01/2019;19;A;22620
344;40;F;5;12/02/2019;21;C;21504
345;34;F;6;01/01/2019;11;D;30456
346;35;H;4;02/02/2019;14;A;22065
347;21;F;3;01/01/2019;3;B;5187
348;49;H;5;04/05/2019;30;B;16136
349;34;F;3;01/06/2019;15;B;16538
350;39;F;4;01/01/2019;17;D;24908
351;37;F;6;01/01/2019;19;C;24963
352;57;H;3;01/01/2019;34;C;12693
353;42;F;3;01/01/2019;19;C;7077
354;47;H;1;01/01/2019;29;D;9577
355;40;H;5;01/01/2019;22;A;5704
356;42;H;2;01/01/2019;24;B;27475
357;44;F;3;18/05/2019;23;D;30545
358;32;H;4;01/01/2019;14;A;1715
359;32;H;3;01/01/2019;14;A;14571
360;33;H;4;01/01/2019;14;A;8216
361;43;F;2;01/01/2019;24;D;5814
362;38;F;1;01/01/2019;20;D;27460
363;44;H;5;01/01/2019;26;D;12351
364;44;H;5;18/05/2019;24;C;6168
365;31;H;6;01/01/2019;13;B;10600
366;46;F;4;01/01/2019;17;A;27245
367;44;F;5;01/01/2019;26;C;10886
368;40;H;3;01/01/2019;15;D;29385
369;37;H;4;03/02/2019;18;C;9807
370;39;F;3;01/01/2019;20;A;9278
371;37;F;2;01/01/2019;16;A;28476
372;40;H;1;01/01/2019;22;C;13378
373;37;H;1;10/03/2019;19;B;5346
374;48;H;3;21/05/2019;30;C;4387
375;36;F;5;01/01/2019;16;A;22176
376;39;H;1;02/02/2019;21;D;22306
377;40;H;4;01/01/2019;22;C;9543
378;46;H;3;01/01/2019;27;A;29552
379;43;F;5;01/01/2019;24;A;10736
380;47;H;1;01/01/2019;28;C;28225
381;37;H;1;01/01/2019;17;B;7451
382;33;F;4;24/06/2019;14;D;23542
383;35;H;2;30/03/2019;15;D;28468
384;44;H;5;27/06/2019;20;D;27076
385;33;F;3;10/01/2019;15;D;20846
386;47;H;2;01/01/2019;25;D;8453
387;27;F;6;11/02/2019;6;D;15478
388;42;H;1;01/01/2019;22;A;1333
389;37;H;6;01/01/2019;19;D;20072
390;38;F;5;01/01/2019;19;A;25721
391;39;H;3;15/04/2019;21;A;30550
392;46;H;3;01/01/2019;28;D;28317
393;32;H;4;01/01/2019;12;D;24566
394;31;H;1;01/01/2019;10;C;27214
395;47;F;1;13/07/2019;23;C;23647
396;35;H;5;01/01/2019;17;A;12576
397;33;F;2;01/01/2019;15;A;18308
398;45;F;3;01/01/2019;27;C;5136
399;47;F;4;01/01/2019;29;B;1151
400;38;F;3;01/01/2019;20;B;3546
401;38;H;6;01/01/2019;19;C;14137
402;35;H;3;01/01/2019;17;B;8044
403;39;H;5;01/01/2019;21;C;18256
404;43;F;4;08/06/2019;24;C;11949
405;37;F;4;01/01/2019;19;C;29290
406;45;F;5;27/01/2019;25;B;24211
407;54;H;4;01/01/2019;35;D;24248
408;38;H;3;10/02/2019;20;D;3503
409;37;H;5;01/01/2019;19;B;22200
410;44;F;1;22/02/2019;20;C;26216
411;40;H;6;01/01/2019;21;A;7357
412;29;H;3;01/01/2019;10;B;11352
413;37;H;4;01/01/2019;19;B;2041
414;58;H;5;01/01/2019;40;A;17600
415;27;F;5;01/01/2019;6;A;21129
416;35;F;1;01/01/2019;17;C;14836
417;28;H;4;01/01/2019;7;A;3553
418;43;H;1;01/01/2019;25;D;22108
419;42;H;3;10/02/2019;22;D;18955
420;29;F;5;01/01/2019;8;D;9550
421;38;F;5;01/01/2019;20;D;15304
422;50;H;6;01/01/2019;32;C;26837
423;39;H;5;01/01/2019;18;D;14873
424;38;F;2;01/01/2019;16;D;30239
425;38;F;6;22/02/2019;17;C;29288
426;48;F;3;01/01/2019;29;A;5155
427;35;H;5;24/04/2019;17;B;16704
428;35;H;2;01/01/2019;16;B;18751
429;33;F;3;01/01/2019;11;A;5766
430;46;F;3;01/01/2019;28;A;16472
431;45;F;2;01/01/2019;21;C;29409
432;40;H;6;01/01/2019;22;A;2808
433;40;H;3;08/03/2019;20;A;14725
434;39;F;3;01/01/2019;20;C;6948
435;34;H;2;01/01/2019;16;D;24049
436;35;F;3;01/01/2019;15;C;24626
437;47;F;5;14/03/2019;29;D;11356
438;32;F;4;01/01/2019;13;D;3665
439;38;F;6;01/01/2019;18;D;5930
440;49;F;3;01/01/2019;28;B;29226
441;43;H;6;01/01/2019;24;D;4898
442;48;F;3;01/01/2019;30;A;23066
443;44;H;2;17/05/2019;21;B;30452
444;37;H;2;01/01/2019;19;A;6833
445;24;F;3;07/02/2019;6;A;15540
446;33;H;2;01/01/2019;15;C;27846
447;24;H;5;12/01/2019;5;D;16921
448;36;H;1;01/01/2019;18;A;2902
449;39;F;1;01/01/2019;21;B;5382
450;36;F;6;01/01/2019;15;D;14239
451;62;H;3;01/01/2019;40;A;25238
452;52;F;4;01/01/2019;32;D;19170
453;37;H;1;01/01/2019;19;C;17008
454;37;F;5;01/01/2019;19;A;30269
455;26;F;2;01/01/2019;8;D;10571
456;37;H;2;02/02/2019;19;B;9137
457;55;F;5;01/01/2019;37;D;22224
458;33;H;2;01/01/2019;15;B;4039
459;43;H;5;03/05/2019;20;A;8415
460;48;F;5;23/06/2019;30;A;10020
461;37;F;1;01/01/2019;15;B;21214
462;42;F;4;01/01/2019;24;B;5383
463;43;H;4;01/01/2019;20;D;23849
464;27;H;5;01/01/2019;9;C;13709
465;42;H;2;01/01/2019;24;C;19965
466;37;F;2;28/05/2019;15;A;21392
467;44;H;5;01/01/2019;26;D;20764
468;48;F;3;01/01/2019;30;C;11489
469;29;H;5;07/06/2019;11;C;16906
470;38;F;2;01/01/2019;20;C;13442
471;40;F;4;01/01/2019;22;A;9702
472;37;H;1;01/01/2019;19;B;7868
473;47;F;3;01/01/2019;27;A;9830
474;41;F;2;01/01/2019;18;A;1475
475;55;H;2;01/01/2019;32;B;8883
476;46;H;3;03/05/2019;22;A;28768
477;25;H;3;06/04/2019;7;B;18579
478;38;H;6;01/01/2019;20;A;24789
479;51;H;4;06/03/2019;33;B;19409
480;45;H;1;01/01/2019;21;D;28145
481;34;H;1;06/02/2019;16;C;21835
482;36;F;3;01/01/2019;18;B;3952
483;48;H;4;01/01/2019;30;A;12035
484;46;F;6;01/01/2019;26;C;11036
485;60;F;3;03/03/2019;39;B;19245
486;36;H;4;15/03/2019;17;B;6746
487;35;H;5;01/01/2019;15;C;28514
488;38;H;3;01/01/2019;15;C;22817
489;43;F;3;19/04/2019;24;B;27789
490;38;F;3;01/01/2019;20;B;21730
491;33;H;3;02/07/2019;15;D;18550
492;35;H;3;01/01/2019;17;A;24633
493;39;H;4;01/01/2019;21;C;26462
494;49;F;5;01/01/2019;31;A;19157
495;47;F;1;01/01/2019;29;D;26262
496;41;H;4;01/01/2019;20;D;20174
497;29;H;5;01/01/2019;11;B;2668
498;53;F;1;24/05/2019;33;B;17737
499;33;F;4;01/01/2019;15;C;22033
500;41;F;6;18/04/2019;18;C;2914
501;45;F;2;01/01/2019;24;B;8853
502;34;H;5;01/01/2019;16;A;5659
503;34;F;1;01/01/2019;16;D;1697
504;38;F;6;08/06/2019;20;A;8269
505;29;F;4;02/07/2019;8;C;1542
506;27;H;1;01/01/2019;7;A;17490
507;43;H;2;01/01/2019;25;C;2342
508;31;F;6;01/01/2019;12;C;17871
509;21;H;5;01/01/2019;3;D;20260
510;45;H;5;01/01/2019;25;C;27149
511;40;F;2;15/07/2019;17;A;2567
512;50;F;4;29/03/2019;32;B;17141
513;46;F;2;01/01/2019;28;A;17589
514;45;F;2;01/01/2019;27;A;2965
515;36;H;3;01/01/2019;18;B;23778
516;41;H;4;04/05/2019;20;C;12080
517;38;F;1;01/01/2019;18;D;14964
518;37;F;3;01/01/2019;16;C;19204
519;46;F;4;28/02/2019;28;A;9109
520;42;H;4;01/01/2019;21;D;12990
521;30;F;4;01/01/2019;12;C;21478
522;33;H;5;01/01/2019;15;D;21376
523;54;H;4;14/07/2019;36;D;4889
524;45;H;3;20/02/2019;27;B;5711
525;37;H;3;01/01/2019;19;B;5984
526;51;F;2;26/01/2019;33;D;17992
527;30;H;5;20/06/2019;12;D;16354
528;40;H;6;08/06/2019;22;A;15007
529;38;H;3;15/02/2019;17;D;29486
530;36;H;6;01/01/2019;17;B;13914
531;32;F;3;01/01/2019;12;B;7008
532;35;H;2;01/01/2019;14;C;30876
533;48;F;5;01/01/2019;30;B;29090
534;40;H;2;01/01/2019;22;D;6890
535;43;F;6;01/01/2019;19;C;12000
536;43;F;4;01/01/2019;25;D;11620
537;39;H;4;01/01/2019;21;A;28341
538;36;H;4;01/01/2019;18;D;26734
539;44;F;5;01/01/2019;25;A;25862
540;39;H;5;01/01/2019;18;D;29591
541;38;F;2;01/01/2019;20;B;6574
542;27;H;3;01/01/2019;7;B;6473
543;47;F;5;11/02/2019;27;D;4924
544;36;F;2;24/01/2019;18;A;1936
545;35;F;5;01/01/2019;17;A;1858
546;31;H;5;01/01/2019;9;A;7621
547;47;H;3;01/01/2019;29;C;27370
548;40;H;2;01/01/2019;20;D;27978
549;44;H;3;11/06/2019;26;D;16010
550;46;F;3;01/01/2019;28;D;24213
551;36;F;1;01/01/2019;18;B;18238
552;36;H;5;01/01/2019;16;D;29758
553;36;H;5;01/01/2019;18;D;16309
554;30;H;5;01/01/2019;12;D;10725
555;38;H;5;01/01/2019;17;B;5561
556;41;H;1;01/01/2019;23;A;28156
557;45;H;4;01/01/2019;20;B;19424
558;46;F;3;01/01/2019;28;C;17906
559;32;H;5;01/01/2019;12;A;26204
560;31;H;1;01/01/2019;10;C;21944
561;50;H;5;01/01/2019;29;C;25548
562;40;F;3;03/06/2019;19;A;25895
563;39;F;1;07/04/2019;20;A;20621
564;40;H;6;01/01/2019;16;B;24246
565;43;F;6;01/01/2019;25;A;19598
566;53;F;4;14/05/2019;35;D;15886
567;46;H;4;01/01/2019;25;C;8665
568;41;F;4;03/06/2019;23;C;1927
569;45;H;3;01/01/2019;27;C;28431
570;43;F;6;01/01/2019;18;B;6370
571;30;F;4;09/04/2019;12;A;19040
572;41;H;4;01/01/2019;22;B;22171
573;39;F;4;01/01/2019;18;D;24016
574;47;H;3;09/05/2019;25;D;2249
575;56;H;5;01/01/2019;38;D;11647
576;57;H;4;01/01/2019;38;B;13038
577;40;H;4;01/01/2019;19;D;28127
578;41;H;5;01/01/2019;23;C;24491
579;41;H;3;01/01/2019;23;C;16294
580;50;H;3;01/01/2019;29;D;6655
581;31;H;6;29/05/2019;9;B;25772
582;47;H;4;01/01/2019;26;A;30737
583;33;F;4;01/01/2019;15;D;7867
584;49;F;4;01/01/2019;28;C;9625
585;30;F;4;08/02/2019;12;B;15044
586;40;H;4;01/01/2019;22;A;7300
587;35;F;1;01/01/2019;15;D;22232
588;51;F;4;01/01/2019;31;C;23969
589;51;F;5;01/01/2019;31;C;7506
590;31;F;6;01/01/2019;9;B;23297
591;61;H;1;23/05/2019;39;A;22887
592;28;F;5;11/07/2019;10;D;12789
593;39;H;4;01/01/2019;21;C;6222
594;41;F;3;01/01/2019;23;D;29905
595;39;H;1;26/02/2019;21;A;17022
596;26;H;1;01/01/2019;7;C;5221
597;33;F;2;26/06/2019;14;B;16950
598;39;F;4;01/01/2019;21;A;30283
599;45;H;4;01/01/2019;25;C;20546
600;27;H;5;01/01/2019;8;A;3584
601;40;H;5;18/04/2019;22;D;29073
602;34;F;3;01/01/2019;16;B;29703
603;37;F;6;01/01/2019;19;A;21692
604;44;H;1;01/01/2019;24;A;16612
605;34;H;6;01/01/2019;16;A;18414
606;32;F;5;01/01/2019;14;C;5367
607;46;H;3;03/01/2019;28;D;22693
608;50;H;5;01/01/2019;31;C;18766
609;40;H;4;01/06/2019;21;B;25197
610;40;F;6;01/01/2019;22;A;13388
611;48;F;5;01/01/2019;30;D;28896
612;43;F;3;04/07/2019;25;D;27685
613;43;H;5;18/06/2019;24;B;28489
614;43;H;1;01/01/2019;24;C;2989
615;19;F;2;01/01/2019;-3;D;26347
616;38;H;2;27/02/2019;18;B;4884
617;41;H;4;01/01/2019;19;C;25664
618;46;H;4;01/01/2019;27;C;29444
619;36;F;5;01/01/2019;13;A;7596
620;38;F;3;01/01/2019;20;A;25245
621;49;H;3;20/04/2019;31;C;27769
622;34;H;4;01/01/2019;16;B;16574
623;45;H;5;01/01/2019;27;A;13155
624;29;F;1;01/01/2019;11;D;2577
625;35;F;3;01/01/2019;16;C;21312
626;42;F;5;01/01/2019;24;B;22549
627;34;H;5;24/05/2019;15;C;4511
628;34;F;2;30/06/2019;16;D;13859
629;32;H;4;01/01/2019;13;C;15698
630;35;H;2;01/01/2019;17;C;6534
631;39;F;4;01/01/2019;21;C;6930
632;47;H;2;01/01/2019;29;C;30018
633;38;H;1;01/01/2019;18;D;14474
634;34;F;2;01/01/2019;12;B;5967
635;37;F;3;09/01/2019;16;D;14273
636;37;F;6;01/01/2019;16;B;7573
637;39;F;2;01/01/2019;21;D;7136
638;35;F;3;10/02/2019;15;A;22011
639;33;H;1;01/01/2019;11;A;29664
640;37;F;2;01/01/2019;16;D;18397
641;36;F;6;01/01/2019;18;C;11215
642;29;H;5;01/01/2019;10;C;5220
643;45;F;2;01/01/2019;27;A;3136
644;35;H;3;19/03/2019;17;D;21449
645;41;H;2;01/01/2019;23;D;2791
646;36;H;1;18/02/2019;17;C;23593
647;39;H;2;01/01/2019;20;B;17266
648;38;F;2;06/06/2019;20;B;22397
649;39;F;6;15/02/2019;13;D;9598
650;45;H;3;10/07/2019;27;C;5538
651;34;H;5;01/01/2019;10;C;2573
652;38;F;4;05/05/2019;20;B;24746
653;36;F;1;01/01/2019;18;B;19993
654;50;F;2;16/07/2019;32;C;15179
655;41;F;2;01/01/2019;20;A;15529
656;41;H;4;01/01/2019;22;B;29325
657;36;H;6;01/01/2019;18;B;13694
658;38;H;5;01/01/2019;20;C;4369
659;35;H;4;25/02/2019;14;C;26878
660;41;F;2;17/01/2019;23;C;3762
661;42;H;2;01/01/2019;23;D;24404
662;36;H;1;01/01/2019;18;D;3056
663;40;H;5;12/03/2019;19;C;21271
664;35;F;3;01/01/2019;17;A;27310
665;46;H;5;01/01/2019;28;A;27951
666;27;F;3;01/01/2019;9;C;24297
667;40;F;5;01/01/2019;22;A;6183
668;39;F;5;01/01/2019;18;B;26703
669;40;H;6;01/01/2019;22;C;13604
670;31;F;3;01/01/2019;11;B;12326
671;39;H;4;01/01/2019;21;A;5592
672;39;F;6;01/01/2019;18;C;12957
673;48;F;1;17/05/2019;25;A;1202
674;44;F;5;01/01/2019;24;B;6349
675;49;H;2;01/01/2019;29;A;3170
676;38;F;6;01/01/2019;20;D;26133
677;44;H;3;01/01/2019;23;C;1297
678;49;H;3;01/01/2019;31;C;14508
679;39;H;5;01/01/2019;21;B;20678
680;49;F;3;01/01/2019;31;B;27002
681;36;F;2;04/03/2019;15;C;8913
682;35;F;5;01/01/2019;17;C;4821
683;42;F;5;23/01/2019;23;C;25623
684;56;F;3;25/05/2019;36;B;22274
685;33;F;4;01/01/2019;15;D;20380
686;38;F;3;01/01/2019;19;C;1916
687;34;H;5;26/01/2019;9;B;21081
688;45;H;2;06/04/2019;27;B;10033
689;43;H;5;01/01/2019;22;D;6175
690;29;H;3;01/01/2019;8;D;1739
691;36;H;5;12/04/2019;17;B;8870
692;32;F;2;01/01/2019;14;D;30969
693;37;F;6;01/01/2019;19;C;27462
694;35;F;1;01/01/2019;16;A;7489
695;47;H;3;01/01/2019;29;A;17108
696;52;F;1;01/01/2019;32;D;1173
697;43;F;5;01/01/2019;22;C;16471
698;36;H;3;01/01/2019;18;D;27034
699;43;H;2;07/01/2019;25;C;19051
700;41;H;5;01/01/2019;23;A;10345
701;44;F;5;01/01/2019;24;D;29791
702;35;F;3;01/01/2019;17;C;22337
703;40;F;3;20/06/2019;22;C;23812
704;45;H;2;01/01/2019;27;D;13683
705;46;F;4;01/01/2019;28;A;4282
706;36;H;4;01/01/2019;18;B;29169
707;48;H;5;01/01/2019;25;A;7746
708;42;H;3;08/02/2019;24;B;15724
709;48;H;1;09/06/2019;30;D;9183
710;42;F;2;11/04/2019;24;D;19326
711;28;F;2;15/05/2019;8;B;6853
712;42;H;4;01/01/2019;24;D;28096
713;33;H;2;01/01/2019;15;A;12281
714;40;F;1;01/01/2019;22;C;17051
715;36;H;2;01/01/2019;18;A;27724
716;42;H;1;01/01/2019;23;B;3253
717;34;F;3;01/01/2019;12;D;6102
718;38;H;4;13/04/2019;19;B;25668
719;39;F;3;01/01/2019;20;B;25135
720;47;F;1;01/01/2019;27;D;11765
721;39;F;1;01/01/2019;17;A;7567
722;55;H;4;01/01/2019;37;D;25465
723;39;H;3;02/02/2019;21;D;13749
724;37;H;3;01/01/2019;14;D;6214
725;42;F;1;01/01/2019;20;A;5320
726;37;F;6;01/01/2019;19;B;23632
727;49;H;2;01/01/2019;29;B;23778
728;36;H;3;01/01/2019;14;D;24354
729;38;F;2;01/01/2019;20;A;8183
730;41;H;5;01/01/2019;19;A;24216
731;37;F;4;27/04/2019;19;A;28146
732;41;F;2;01/01/2019;23;A;22032
733;40;F;1;01/01/2019;20;B;18482
734;39;H;3;01/01/2019;15;B;8482
735;29;F;5;05/02/2019;11;A;16498
736;37;H;6;14/04/2019;19;A;10476
737;39;H;5;01/01/2019;20;C;23700
738;30;H;5;01/01/2019;11;B;11396
739;41;F;3;01/01/2019;23;B;17417
740;45;F;5;01/01/2019;27;D;7485
741;34;F;3;01/01/2019;14;C;30736
742;40;F;2;01/01/2019;22;C;29184
743;23;F;5;01/01/2019;3;C;5230
744;40;F;2;04/01/2019;21;A;22390
745;37;F;5;01/01/2019;16;A;3202
746;44;F;2;01/01/2019;26;A;22968
747;42;F;2;01/01/2019;20;B;14874
748;41;H;4;01/01/2019;21;B;27852
749;33;H;5;01/01/2019;14;D;29942
750;43;F;2;01/01/2019;23;B;29152
751;46;F;2;15/01/2019;28;B;15992
752;43;H;1;01/01/2019;25;B;3709
753;39;F;5;01/01/2019;21;A;12200
754;46;F;5;01/01/2019;28;A;11030
755;30;F;3;01/01/2019;11;C;30800
756;42;F;1;01/01/2019;22;C;11237
757;33;H;3;01/01/2019;15;D;15361
758;48;H;3;16/07/2019;28;B;22188
759;56;H;3;01/01/2019;38;A;9248
760;47;H;2;01/01/2019;29;A;14674
761;50;F;4;01/01/2019;32;D;30987
762;37;F;3;01/01/2019;18;A;2703
763;19;F;1;01/01/2019;0;C;16206
764;48;F;3;09/06/2019;30;C;22487
765;35;H;4;08/07/2019;14;B;28963
766;27;F;4;11/04/2019;8;D;7269
767;50;F;5;21/05/2019;31;D;5297
768;46;F;5;01/01/2019;26;A;4452
769;41;F;2;01/01/2019;22;D;18263
770;41;H;2;01/01/2019;19;D;21324
771;50;F;3;01/01/2019;32;A;18820
772;39;H;5;28/01/2019;21;B;30991
773;34;F;4;27/02/2019;16;A;11559
774;39;H;3;01/01/2019;18;B;15705
775;36;F;5;10/07/2019;18;A;6312
776;42;H;3;01/01/2019;24;D;18368
777;46;F;5;01/01/2019;28;B;16688
778;25;H;3;19/03/2019;5;C;30808
779;42;F;1;01/01/2019;24;D;13845
780;42;H;4;01/01/2019;23;A;10569
781;32;H;6;01/01/2019;11;B;23214
782;30;F;6;01/01/2019;12;C;30563
783;52;H;6;01/01/2019;33;A;8876
784;40;F;2;01/01/2019;22;D;4835
785;34;H;5;01/01/2019;16;B;23039
786;44;H;3;01/01/2019;18;C;4814
787;46;H;1;04/01/2019;28;C;12452
788;35;F;5;01/01/2019;17;C;20326
789;42;F;3;01/01/2019;21;B;29545
790;28;H;5;01/01/2019;10;B;21295
791;42;F;3;01/01/2019;24;C;27107
792;40;H;5;01/01/2019;22;D;3452
793;29;F;3;01/01/2019;7;A;5330
794;43;F;4;23/01/2019;24;B;3455
795;30;F;4;25/06/2019;9;D;12025
796;45;H;3;01/01/2019;27;D;11562
797;36;F;1;01/01/2019;12;C;3012
798;47;F;6;01/01/2019;29;D;6499
799;39;H;3;05/06/2019;13;B;21978
800;30;F;1;01/01/2019;12;B;13300
801;27;H;4;01/01/2019;9;C;27114
802;42;F;3;01/01/2019;24;C;22595
803;50;F;5;01/01/2019;30;A;28402
804;44;H;2;01/01/2019;26;B;17468
805;38;H;5;01/01/2019;20;A;14959
806;42;H;3;04/03/2019;22;D;6948
807;51;H;1;10/02/2019;33;B;17999
808;27;F;4;27/01/2019;4;C;22794
809;37;F;2;01/01/2019;15;A;29860
810;52;H;5;01/01/2019;34;B;12726
811;40;F;2;12/07/2019;19;B;24779
812;34;H;4;01/01/2019;12;B;29444
813;53;F;5;01/01/2019;35;B;2749
814;38;F;6;01/01/2019;17;D;23079
815;27;F;2;07/06/2019;9;A;21507
816;41;F;2;18/02/2019;23;D;14556
817;30;F;1;01/01/2019;12;D;30320
818;51;H;3;05/02/2019;30;D;9640
819;39;F;2;01/01/2019;19;B;15609
820;26;H;5;01/01/2019;8;D;25474
821;47;H;3;01/01/2019;29;A;11324
822;34;F;2;01/01/2019;16;D;21895
823;42;H;1;04/01/2019;17;C;7804
824;24;H;3;01/01/2019;4;B;9311
825;40;F;5;01/01/2019;22;C;18790
826;50;F;4;01/01/2019;29;A;6147
827;33;F;2;01/01/2019;14;A;28029
828;43;H;5;07/01/2019;25;A;21551
829;48;F;5;01/01/2019;29;A;2315
830;40;H;3;01/01/2019;22;B;9100
831;51;H;5;01/01/2019;31;D;23737
832;45;F;4;01/01/2019;27;D;10269
833;44;F;4;01/01/2019;26;C;20193
834;34;H;4;28/04/2019;12;A;22688
835;36;F;4;16/01/2019;18;C;10977
836;26;H;3;23/06/2019;5;D;30758
837;47;F;3;05/03/2019;26;B;8818
838;32;H;4;01/01/2019;12;D;9047
839;47;F;4;01/01/2019;29;B;30466
840;36;F;2;01/01/2019;11;A;20862
841;39;F;3;27/01/2019;17;A;7717
842;30;H;3;01/01/2019;12;C;27984
843;30;F;3;08/06/2019;9;A;22658
844;35;F;5;01/01/2019;14;D;20476
845;49;F;2;01/01/2019;30;A;29943
846;45;H;5;01/01/2019;27;D;10663
847;37;F;3;01/01/2019;19;B;6650
848;52;H;5;01/01/2019;31;B;20701
849;22;F;5;01/01/2019;3;C;30781
850;58;F;1;01/01/2019;37;A;14867
851;32;F;2;11/06/2019;14;A;1633
852;45;F;2;09/05/2019;27;B;3125
853;35;H;3;29/06/2019;15;C;6996
854;44;F;2;01/01/2019;22;B;7917
855;43;F;4;01/01/2019;25;D;14533
856;33;F;4;01/01/2019;15;A;7168
857;41;H;6;01/01/2019;22;A;24687
858;33;F;5;01/01/2019;15;A;14678
859;42;H;1;27/01/2019;24;D;29204
860;44;H;2;31/03/2019;26;B;30518
861;51;F;3;01/01/2019;33;A;10461
862;48;F;4;07/04/2019;27;A;12537
863;39;H;5;01/01/2019;16;B;15215
864;34;F;5;01/01/2019;14;A;29784
865;40;F;4;07/04/2019;22;D;13476
866;23;F;6;19/01/2019;4;A;9946
867;37;H;1;01/01/2019;19;A;11862
868;34;F;1;01/01/2019;15;B;7711
869;46;H;6;01/01/2019;28;D;16588
870;40;H;2;22/03/2019;22;D;11761
871;33;H;5;01/01/2019;15;B;26255
872;35;F;5;01/01/2019;17;A;18340
873;36;H;2;01/03/2019;18;A;29118
874;36;H;2;01/01/2019;18;D;9290
875;41;F;4;21/01/2019;21;D;29377
876;42;F;6;01/01/2019;24;A;12228
877;22;F;5;01/01/2019;4;A;5369
878;43;H;4;11/01/2019;22;D;30520
879;57;F;4;01/01/2019;39;C;5254
880;52;H;1;19/02/2019;33;A;27046
881;38;H;4;01/01/2019;14;D;23732
882;43;F;5;01/01/2019;25;A;3507
883;51;F;1;01/01/2019;33;B;23304
884;39;F;1;01/01/2019;21;B;13968
885;45;F;4;01/01/2019;27;C;6909
886;41;F;5;01/01/2019;21;C;15695
887;43;H;4;01/01/2019;25;A;25268
888;37;H;1;01/01/2019;19;B;11355
889;33;F;4;01/01/2019;9;B;25288
890;30;H;1;01/01/2019;12;A;24097
891;28;F;1;01/01/2019;9;C;19401
892;40;F;2;18/03/2019;22;D;27056
893;42;F;3;01/01/2019;24;B;21754
894;39;H;2;22/01/2019;19;B;20066
895;31;F;5;01/01/2019;11;D;8366
896;46;F;6;01/01/2019;26;A;13702
897;34;F;5;01/01/2019;16;C;30386
898;38;H;1;31/03/2019;18;B;18642
899;49;H;1;01/01/2019;31;D;14613
900;37;H;4;01/01/2019;19;D;13494
901;22;H;5;03/03/2019;1;C;8338
902;37;H;6;01/01/2019;15;A;9830
903;32;F;1;01/01/2019;14;B;6318
904;44;F;2;17/06/2019;26;C;10613
905;51;F;3;01/01/2019;33;A;24842
906;36;H;4;01/01/2019;13;B;8004
907;42;F;6;01/01/2019;24;D;1473
908;53;F;5;01/01/2019;35;B;9041
909;37;H;6;01/01/2019;18;D;22177
910;39;H;3;01/01/2019;21;A;11118
911;44;H;3;01/05/2019;23;A;15619
912;47;H;1;01/01/2019;29;C;26251
913;48;F;5;01/01/2019;22;D;20707
914;41;H;3;01/01/2019;21;B;22890
915;50;F;3;21/04/2019;32;B;29668
916;34;H;1;09/05/2019;13;D;28443
917;36;F;6;01/01/2019;15;C;22202
918;38;F;5;01/01/2019;18;D;24658
919;46;F;5;01/01/2019;28;A;7497
920;43;F;3;01/01/2019;25;A;11052
921;35;H;4;06/01/2019;12;A;2764
922;46;H;1;01/01/2019;28;C;12030
923;26;H;5;01/01/2019;6;B;20684
924;38;H;5;01/01/2019;14;C;13970
925;34;F;5;13/06/2019;16;B;1890
926;22;F;4;07/04/2019;4;A;11565
927;36;H;2;01/01/2019;18;B;21442
928;46;H;3;12/06/2019;26;B;1214
929;34;H;3;01/01/2019;12;C;20433
930;41;F;4;01/01/2019;21;D;25937
931;31;H;3;01/01/2019;13;D;27603
932;41;F;2;01/01/2019;21;C;18150
933;31;F;3;01/01/2019;11;A;15613
934;52;H;3;01/01/2019;32;D;6531
935;34;H;3;01/01/2019;14;B;5598
936;34;F;5;01/01/2019;16;C;13017
937;44;F;6;01/01/2019;26;C;2319
938;43;F;2;23/01/2019;22;A;25963
939;44;F;6;01/01/2019;26;D;23436
940;36;H;4;01/01/2019;18;B;24350
941;58;F;3;21/01/2019;40;B;26142
942;36;H;3;16/07/2019;16;C;3659
943;41;F;5;01/01/2019;23;A;15919
944;36;H;5;01/01/2019;16;A;25772
945;54;H;2;10/05/2019;33;D;22996
946;35;F;6;01/01/2019;13;B;22708
947;38;F;3;09/04/2019;20;B;10548
948;34;F;3;01/01/2019;11;B;21483
949;36;H;6;01/01/2019;18;C;21215
950;42;F;2;01/01/2019;24;D;17810
951;37;F;1;01/01/2019;19;D;5338
952;55;F;4;01/01/2019;34;A;23271
953;45;F;3;01/01/2019;24;B;27785
954;39;F;1;01/01/2019;21;A;4481
955;38;F;2;01/01/2019;17;D;19650
956;48;F;2;04/01/2019;29;D;26653
957;52;F;5;26/02/2019;34;B;23579
958;48;F;2;01/01/2019;30;A;30758
959;38;H;4;01/01/2019;19;A;29461
960;46;H;3;01/01/2019;24;C;25589
961;41;H;3;01/01/2019;20;A;16814
962;49;H;5;01/01/2019;31;A;20737
963;33;F;5;01/01/2019;15;A;15334
964;43;H;6;01/01/2019;25;D;24323
965;30;F;2;15/02/2019;12;C;11902
966;39;H;2;01/01/2019;21;A;29108
967;34;H;4;01/01/2019;16;B;18061
968;40;H;2;01/01/2019;22;D;16151
969;48;H;4;01/01/2019;30;B;20898
970;46;F;2;01/01/2019;28;D;14281
971;34;H;2;10/02/2019;7;B;26510
972;33;H;2;01/01/2019;11;D;3858
973;48;F;5;01/01/2019;28;C;15761
974;28;F;6;04/03/2019;10;B;26579
975;31;F;2;01/01/2019;13;D;12371
976;32;F;5;01/01/2019;11;A;20837
977;47;H;4;12/03/2019;29;B;7614
978;27;H;2;08/03/2019;9;B;9487
979;49;H;3;21/04/2019;30;C;21043
980;32;H;5;01/01/2019;13;C;29848
981;40;F;2;01/01/2019;22;B;18182
982;36;F;6;01/01/2019;18;C;28093
983;34;H;3;01/01/2019;16;A;3029
984;30;F;4;01/01/2019;5;B;29963
985;46;F;2;13/04/2019;28;C;15193
986;56;F;2;01/01/2019;38;C;21561
987;37;H;3;01/01/2019;16;D;5874
988;33;H;5;01/01/2019;11;D;22695
989;38;H;4;14/02/2019;20;B;12151
990;36;F;4;01/01/2019;14;D;7985
991;41;F;4;01/01/2019;23;D;14294
992;37;F;3;01/01/2019;15;D;6667
993;37;H;4;01/01/2019;19;A;17585
994;44;F;3;01/01/2019;25;D;18173
995;46;H;5;13/06/2019;28;A;30873
996;33;F;2;01/01/2019;12;B;1180
997;36;H;2;01/01/2019;18;D;8133
998;49;H;2;19/04/2019;31;C;8585
999;54;H;4;01/01/2019;32;A;29905
1000;47;H;3;01/01/2019;24;D;15709
